x0,x1,x2,weight
162.09106136236335,215.2104285071662,64.59851860146192,1.0
163.90188615779098,216.82656453571346,53.00450923417056,1.0
164.68980969549887,214.36962606170002,67.94023367895667,1.0
166.1134099480977,214.71175733742277,62.167150205175254,1.0
163.7562654305673,212.57601344350192,58.53677686053362,1.0
164.80040014730142,215.78710059245358,66.28823685108644,1.0
164.2567243607895,214.2545071611505,55.03357278182892,1.0
163.22403324101845,212.85053972110083,70.03021458332333,1.0
164.13439899644578,214.11873561011467,54.01236080691476,1.0
165.42154153402933,212.9429120641679,59.212636206094544,1.0
163.74858461700376,214.94371240958512,57.72231191932002,1.0
163.46341899407503,214.52862768338719,62.41799695981648,1.0
164.7105684005806,214.85928180946564,57.10472713875957,1.0
164.2813100122103,213.8843494639499,58.478571799461676,1.0
163.830904896153,212.83052730939417,61.163468318433154,1.0
164.24227024198916,212.9266115647598,62.590248884793255,1.0
163.73675281381418,214.608755307522,63.92179041805207,1.0
164.77303408895483,215.69621059626914,54.10220850539612,1.0
165.04639281937497,213.87199982078553,55.92235186125498,1.0
164.065201513433,214.24525737959848,60.55716431831311,1.0
163.47890133741407,215.45763639868002,62.604649805816685,1.0
163.1078074919202,216.04506210552145,69.7557834873173,1.0
165.82283074935708,214.3768850759135,54.92257449961167,1.0
165.69850290512858,214.15363296475266,66.38856295907652,1.0
164.8523261562743,215.53344894820955,62.058169593036396,1.0
165.35062434638937,214.56730993244668,69.20569007669356,1.0
164.77096327090106,214.95879927517055,69.69209109244565,1.0
163.29629211705497,213.28632491324012,65.12332114795444,1.0
163.47092777308328,216.50043109737516,58.20824270336565,1.0
163.89659636675668,216.47975193820622,67.6789115643365,1.0
166.511610138624,215.46285457000124,55.97020918189087,1.0
166.55411613129647,214.28880654077446,64.28861958614637,1.0
165.59130314597118,214.40179981863503,63.34673445889479,1.0
165.56625784976396,214.93323544288148,54.779333654243416,1.0
164.9422893524035,215.8831958084129,56.80349830850756,1.0
164.49441663786976,214.1216563600042,69.5226562495611,1.0
165.31634593520985,214.96427174796696,56.4267572349378,1.0
165.18330036948925,213.88247725106848,60.43549039853614,1.0
164.00820509981855,215.23324320667234,63.159291690239094,1.0
164.43575242261943,214.9528166243875,54.81103006351186,1.0
163.15279358549182,214.99620161299038,61.109705084027034,1.0
165.27908261508955,216.9399546865898,64.99873504211645,1.0
163.73122895275327,215.6738261998217,53.69680055460678,1.0
164.18246657338273,214.48856830640122,68.84305121541122,1.0
163.899296356149,213.73037137306684,59.78407498503722,1.0
163.98057289183532,215.68344583383237,54.87668006534727,1.0
163.49658252578632,214.11898986698142,57.78617535370286,1.0
166.5735832320144,215.5062307186516,60.71409381409034,1.0
163.41861565936725,215.4011728881274,55.27526087021656,1.0
163.0992800814198,215.74483970407815,61.861050666788636,1.0
165.56491000197826,214.87553756466886,64.56049066667784,1.0
163.99302558489728,213.52256706994137,63.68431019857252,1.0
163.8406415140236,213.86726013397566,57.998675089577674,1.0
164.66153033722247,214.20281600047235,53.40158114007429,1.0
164.00043277536454,212.33340675950143,63.40249486230032,1.0
163.04199352259067,213.4524265722974,60.53716300346926,1.0
163.90448818180613,216.09982450713258,53.81205305854714,1.0
164.91110204754662,214.51752709349836,54.435870118458396,1.0
165.1673278387292,214.3852635805036,64.13529036323273,1.0
165.46755533216117,216.72004586100655,66.95897735434635,1.0
164.27486934025498,214.31743073414992,65.77463558659996,1.0
165.29931490892002,215.19694143782345,52.19155738561021,1.0
164.6197250537985,213.81877900252016,61.67596060238058,1.0
164.54590078855446,215.46698881981845,61.862428683120896,1.0
165.4303791403064,214.09039081498992,55.55410632757314,1.0
164.23400148499488,214.5397894978644,62.1720962849398,1.0
166.9033601288883,214.51455276006521,55.4966126047005,1.0
164.29806940249804,214.09321393707975,62.6837449760317,1.0
163.1032541637528,214.62007190592618,61.058870296991266,1.0
164.8762322143977,213.95949384276048,59.08672895848435,1.0
163.2199902692149,214.06349002836365,57.5620302270808,1.0
165.06010122445886,213.40062747990393,64.18232811571436,1.0
166.1385357226888,212.48682488671233,62.40763126105489,1.0
165.32095921322767,213.91937288617362,58.2899785355204,1.0
164.51117060061048,214.25901903232412,58.73127276192878,1.0
162.96804737186744,215.70914147650896,65.6744305673485,1.0
163.83068691899322,213.09038558392334,62.88166198942818,1.0
164.06826320838437,214.69876307504663,58.67969552143891,1.0
165.33558992926763,215.25155905538185,56.648350714846465,1.0
163.26068722280237,212.97387151439077,63.32823450270041,1.0
163.4551919204134,214.04999355742717,57.294767414911846,1.0
164.59148388192787,212.62053010587934,61.22023059113353,1.0
165.16794220203164,214.6452319987705,58.721906748672026,1.0
164.7414513444662,214.95585625736598,46.41337382503114,1.0
166.59996348644813,214.94690323441378,57.01429469522929,1.0
164.25309780300984,215.05055168907504,59.695817911992556,1.0
162.61336671041593,216.62130277308518,59.723634321002024,1.0
165.66422388991322,213.86476006394145,67.95822287839337,1.0
164.93039486708972,215.16565374620131,55.050070776429614,1.0
165.85519646788012,215.24662807626063,66.78556875498938,1.0
164.01596361855584,214.07578279326506,71.79592109558409,1.0
163.5840353554759,214.42086021104754,65.96079442017786,1.0
164.7417761459123,215.13976359147915,58.27909246085001,1.0
165.01410706604494,213.25028305999052,68.56699100525533,1.0
164.52588713306886,213.876631707729,63.60825301732396,1.0
164.1833313908089,213.2225514403231,53.54275007817661,1.0
165.33782433088757,214.3972364735796,59.60782980882219,1.0
165.7217949841737,213.42998410296912,56.62294884284026,1.0
164.25917136901614,214.65116150104294,60.06548035071149,1.0
164.35716398580752,214.4951835096302,59.739811225708515,1.0
163.92444678964563,213.74381692317178,61.648919395784084,1.0
163.7531360952019,213.39945465253498,58.71487635153592,1.0
164.4863841620336,216.81353340902405,56.752836227883215,1.0
165.58731190316692,215.30399824593047,54.331612831145705,1.0
165.41730415560002,213.37292927153254,46.98047641718068,1.0
165.2503707025568,212.80091932828813,62.53100991619396,1.0
163.96004028046022,216.21636070791573,65.61888460374443,1.0
164.19066537434605,213.86897230069718,54.205950591693785,1.0
164.20312854590483,214.27645441654133,58.452869885205956,1.0
164.80075503346978,215.13533140945472,62.02460989213026,1.0
163.879907254291,213.11901843792427,67.09899684767674,1.0
163.9546019936475,213.90451631179084,57.67039104565883,1.0
162.80098162804077,214.07883590768537,57.878058537124645,1.0
165.26440947654095,215.25526706083318,60.29519205259573,1.0
165.57589955231174,214.8967748955271,60.19792704915161,1.0
164.80497934649566,214.36615641814444,58.302090036997136,1.0
164.37631764130347,213.42879858025583,61.67854613374587,1.0
163.65092756726784,215.3984411757995,59.02904470635964,1.0
164.69354615984753,215.0506466880068,63.49290993247902,1.0
163.07342776956398,214.3499062355619,64.67723216756829,1.0
162.9459453587652,214.94409038712092,48.99851646015344,1.0
163.62154433456183,214.59544046356604,51.99276209555462,1.0
163.6585404405133,213.08497490426225,68.51701226820218,1.0
164.80827893368476,215.1241001895785,59.162962104588615,1.0
164.29061942944023,212.9403357230748,58.81715079342507,1.0
163.8825589663858,215.41473383601817,65.98184694045226,1.0
166.1106298937716,215.40936185118707,57.283067922549456,1.0
163.52815419223703,215.32347309337095,62.05780169452583,1.0
162.8755127275204,214.91229170446962,64.34893671960371,1.0
164.70297676737906,214.3717562407165,56.238095169082605,1.0
163.19751647863404,215.35710786106588,58.730765383305844,1.0
164.41058451665373,216.28953109864497,63.69884314146034,1.0
165.01487617947853,214.6988717169131,67.87631191099325,1.0
165.18454420648524,128.02594491315094,67.50053426365523,1.0
161.37035182786292,127.22016171590492,63.93887653569709,1.0
163.55890812845462,128.03948588899394,50.89102547071783,1.0
162.89564284559887,127.36634415661217,62.2551835764018,1.0
162.0480487859428,127.9654032885682,65.97377083589625,1.0
162.49385032862457,127.41125700618723,68.69733986691459,1.0
163.4702475453684,127.89700460510241,64.98071218247392,1.0
163.0697259164147,125.93701928527149,64.15975747180755,1.0
163.65924783711483,127.97227256325874,64.01387396422948,1.0
163.92237050529005,126.13182778793768,60.67626552752799,1.0
163.35456560004218,126.0418113376864,68.69065049328901,1.0
163.92808522838766,127.37553556606386,66.28393193274533,1.0
165.48599846055384,126.62757561370461,53.58220487916282,1.0
163.66425509596553,127.04583626070975,62.00181609411359,1.0
162.4861250397103,126.65725027986926,65.49610345275471,1.0
162.96213819842652,129.50889348121515,59.786889398499866,1.0
162.67183753636138,124.80781976165687,65.8468333817733,1.0
161.4485482712693,126.5569851682969,63.21105863386283,1.0
162.75522693322216,128.83531247912592,69.5613832632431,1.0
164.78409177537063,126.21402098312149,70.23238162923845,1.0
163.96095584541303,127.86784575034825,69.73660545057945,1.0
162.55619165311,126.6721221806935,68.90239136330787,1.0
160.8093358060941,128.6097678842446,67.35507162770352,1.0
163.41925093840882,127.31694745742858,59.439734890120725,1.0
163.11501153447995,128.19672413989178,71.07952116829672,1.0
166.16117895163265,127.02251513539099,61.29664647264059,1.0
162.95072093312908,126.07839792638404,64.20013752696136,1.0
163.8476873290813,127.06219752113945,70.0711455349946,1.0
163.23073909772452,126.74898914917284,61.68306892236399,1.0
161.83232037283457,125.52867207736296,58.69362165347717,1.0
164.76638297073382,127.99170007456134,71.46423163863057,1.0
162.13274324447457,125.12781511188538,61.289129705995194,1.0
163.64077385236507,127.59513007658124,69.82927208650588,1.0
163.74923456987628,128.83910858232704,63.476382901924005,1.0
162.55187568102727,125.41522158617697,60.144554516188364,1.0
163.70707286005418,126.20771954431778,69.27312362434189,1.0
164.8772826051065,124.72685289644481,68.90967280915385,1.0
161.22535084040732,127.49793885676169,70.71376412763391,1.0
163.52981100541263,125.81675062846718,61.66225528527675,1.0
163.20330945335814,126.91419501788147,63.57492710283228,1.0
163.35507211975974,127.30991985058158,58.546543037999506,1.0
163.22293506919883,128.61470097202712,62.66618419095302,1.0
163.02111880591386,128.17463710538564,51.79348797494513,1.0
164.64633350035734,126.46453604366624,65.40905416892855,1.0
163.56127625499025,128.0389079208918,63.25143757548887,1.0
162.7869291175046,128.39428559232252,52.76854222095971,1.0
163.4852890807743,125.74851437904229,60.781544365382814,1.0
165.47621158053218,127.05184437521555,65.56475979242252,1.0
161.68339204336345,126.36739514287672,65.57219831030953,1.0
163.81971259218227,127.71332635606468,64.63255080125349,1.0
163.9919591075237,127.5502217143071,55.44070925164296,1.0
163.50196062097922,127.86434220940411,67.53881041033821,1.0
163.10109608909826,126.29081329413204,58.99785168505745,1.0
163.33390088752765,128.22951968123112,54.8303907992576,1.0
162.80506316933955,125.95663734624463,68.51419891286811,1.0
162.91064527249776,126.62580214351662,63.504663456982364,1.0
163.91034814996385,126.70405080352177,49.358696032665975,1.0
164.0082667904566,127.53548275934345,63.491706165009546,1.0
162.38091827839713,127.44821991235277,66.48558897434354,1.0
162.99492201636818,126.87970833109587,59.93862879404401,1.0
163.28636580698173,125.54601045658792,66.67600541182479,1.0
162.52058640824475,127.33454294950371,57.55959672532612,1.0
162.87489725319952,126.98595039660547,56.285912247319295,1.0
163.58010277220916,126.71729223879149,55.877630317619456,1.0
162.16171214495674,127.70155988575358,69.06719123442222,1.0
163.3330462592891,127.5012016137119,65.70862912323017,1.0
163.7945778811968,128.3824238087517,57.05441931559425,1.0
164.14141563143068,126.71443084609359,63.46811663540741,1.0
163.162705168614,126.72129268501013,58.458430347750514,1.0
163.64829409832666,128.76738283446028,64.30874620442182,1.0
163.46356985633395,126.40914076451475,64.00203857457505,1.0
163.93112132510308,126.72619736096706,62.320391101405605,1.0
163.8682194392323,126.17843503185236,65.85189444204997,1.0
164.28527669633047,128.45638834335088,64.13750127028088,1.0
164.83255213887577,128.13084968815292,59.60834810481028,1.0
162.2470163874759,126.791476163817,69.73408876963988,1.0
163.39266789150906,126.49578224401363,72.35062720690841,1.0
163.75185938707241,124.77584552588067,66.17521443812906,1.0
163.98499551363992,127.32204845614251,66.83797180782557,1.0
163.39767929014607,125.77804393202668,62.735891290563345,1.0
162.51933910351278,126.16369889087703,58.274069561154235,1.0
163.9174439917087,127.19433594708404,62.34858449326207,1.0
162.81561697133867,127.07301669664996,69.98538494722806,1.0
161.46073918357015,127.47331632252231,61.860851436576695,1.0
161.5803690540896,125.15073671850745,60.02549383598915,1.0
163.6844644548621,127.4895027356515,59.89450344327668,1.0
164.4819758904823,128.51942329818752,66.56984423144841,1.0
162.87355223126096,128.22085898618178,68.3663897849823,1.0
164.33236231042397,126.43997612669988,50.4166387802921,1.0
165.58174592055272,125.48556139822148,64.4105709473645,1.0
165.84570025028881,127.42701655794578,69.33564367445679,1.0
161.96255832968734,125.3187728469377,61.92589734676784,1.0
164.55570463350355,126.7501903540241,60.616229701308114,1.0
163.662922189014,128.17837502014868,57.36471031129875,1.0
162.2544119049457,126.30777054716204,70.06260318022606,1.0
163.6997764250178,129.22859321224186,69.27163993582118,1.0
163.42985972219938,128.36151763976017,65.646896370325,1.0
162.7600335465616,127.77641464591652,61.1077780373602,1.0
163.1745577982652,128.4242224976294,64.08300387557861,1.0
162.66181351172742,126.63210211023592,69.69836423460897,1.0
162.91241422565233,126.70956895482077,62.03794760849747,1.0
163.64888039340937,126.7109500412958,56.58023106180293,1.0
162.57777395722403,126.16365076016497,70.80600822894138,1.0
164.2776289411781,127.68369918107123,62.06261972034356,1.0
162.64916335707508,126.58892220001405,59.33001079390724,1.0
165.96215529065606,124.8511181533,67.40945398203466,1.0
162.18040260107654,126.99209631017672,59.64940159419694,1.0
162.28732593658643,125.95624350073645,73.3643420753759,1.0
163.33196647675948,126.33073760719333,67.36834612707997,1.0
163.47530421363535,127.81647356101305,55.46812802697646,1.0
163.76855880353105,127.86913463877379,56.28141985109279,1.0
163.91315018349238,128.79262137449956,64.5151227898921,1.0
164.28636083609388,127.76701025198231,61.05188281911273,1.0
163.50472163365555,125.5294450908098,62.33289612115298,1.0
163.73064287403528,127.81954029540921,64.71247193290517,1.0
164.1849386292122,125.99353358871603,64.08092493389125,1.0
163.48423428358214,128.94603104835105,63.51857802566519,1.0
162.96593826107488,127.11779102551496,59.99384408231589,1.0
163.65770874813427,126.73138458512516,55.63277356645969,1.0
163.4063683479352,126.77889670774121,56.4272947963257,1.0
163.39782074445452,128.5857957637459,67.19593004804418,1.0
164.0768820918002,125.75494307608837,66.97390315127672,1.0
163.61340448044913,127.62548504000584,66.70255441520973,1.0
162.10517417356525,127.05503899011345,60.80005700453978,1.0
163.41487080478424,126.19903887476958,71.1517631423706,1.0
162.60598251062473,126.19749764520587,64.96234333938338,1.0
162.38785582966506,126.67177649923855,60.4395883189758,1.0
164.87612696295866,127.88224362850258,64.30206371433864,1.0
163.07373784689503,128.03735741624652,66.61543170828006,1.0
163.9630073037519,127.07024756432716,56.14826116780845,1.0
163.35248891650951,126.56394988246234,67.814687673965,1.0
164.47679733206326,126.43848875691025,66.93133747805086,1.0
165.20083389675477,126.42872708110085,72.9990200070313,1.0
162.6123690518984,127.11939955727937,64.53368324745641,1.0
163.4764537989391,126.25876175976346,61.63349578784346,1.0
162.79723461270964,127.42340239707586,66.23958687921717,1.0
165.6908992308073,128.46742880796253,62.04019509597322,1.0
163.78982451486524,128.09355778246317,64.7424204283582,1.0
163.3953133206221,127.1480147444413,68.92579445070776,1.0
162.61663437626382,126.77077033285123,66.94157703089802,1.0
163.7764019706232,127.3360225615278,62.740405475146595,1.0
164.4374906882116,129.23030804887594,66.62148877504664,1.0
163.2717781975192,127.85218009056595,61.89374812290066,1.0
162.71526455436617,127.12924854928512,51.675428141815885,1.0
162.31100453541706,126.74847794575057,57.822467015927046,1.0
162.43231179717694,126.6596914642134,56.37458483901256,1.0
163.05888310280923,126.56116963713856,64.71643734859069,1.0
164.61913892956306,127.26894421816428,64.69472141337593,1.0
163.56440935609976,127.32383257679254,59.50571806361677,1.0
163.35017957429827,127.40519104350803,57.73561139395031,1.0
164.3306078218849,128.1778158361296,61.432531364418665,1.0
163.22361710761595,126.21824945886134,68.0863137246047,1.0
162.40373261162316,126.87396279142848,60.29481176762725,1.0
163.51590917608036,125.30221053018168,71.22171951849408,1.0
162.5003484748628,127.15633448478768,63.526796082814066,1.0
162.70284038714655,126.20865966503547,69.27140402442791,1.0
162.93931430596712,127.36760998630872,60.58192687969374,1.0
162.8177734672213,127.56868695175926,69.24145378722119,1.0
163.28963849674204,125.67451993003097,74.57919170541564,1.0
162.60840559083485,125.55485240199963,77.56153424550637,1.0
163.0609226052181,125.63470711341,61.1722124727222,1.0
163.83249979509134,127.28675135926535,60.33076532039766,1.0
165.28767849919703,126.57486012367804,58.66597835460785,1.0
164.4256482975297,128.42550264821108,60.501945818584474,1.0
162.06360760602973,128.126878069087,54.3527932413758,1.0
162.23833323967244,128.06388595172163,64.31264856655366,1.0
163.20101755047637,127.44925640816578,63.82553918893856,1.0
162.16626817690596,128.3725151476776,71.21448157109968,1.0
163.67028746284703,127.14157381710342,76.2875353367659,1.0
163.1885220540532,126.83686281983736,66.41181755286814,1.0
164.9362768552114,128.68921055608888,63.29654814828175,1.0
163.7732861450284,125.71835633460734,63.029530767084545,1.0
162.62466450358974,126.08960804937243,72.99729488800224,1.0
162.6726682372629,126.56483389365995,66.4186552462499,1.0
164.76278016604263,127.57755492806024,78.38618687677352,1.0
163.3902869208179,127.35515624190116,65.96741467658589,1.0
164.90000428585822,127.60367875278102,64.00826280472987,1.0
162.51746630416218,127.34088325763304,71.5961354631254,1.0
163.05457310541118,127.62538342008799,65.82015025008982,1.0
164.32847455745036,126.29168606103354,76.32264645929843,1.0
162.1857937920408,126.73088871168537,69.27987401119384,1.0
163.76168807156316,127.92642596075251,62.108899636752795,1.0
163.3901499163887,127.10867178531022,72.43570937934513,1.0
130.61823728627095,268.500782873187,97.49418436794694,1.0
132.66530869448567,269.5459603895424,94.8324471699679,1.0
130.8698602483627,266.66785524352156,95.64837849152133,1.0
130.89413792985738,267.89140463419494,95.64344196543425,1.0
130.91456409802612,268.5964853707518,91.67687489434567,1.0
131.7092713319591,267.1259585074355,99.98811857445274,1.0
132.66142492552999,267.22880198119987,98.57144058646868,1.0
131.45495624454094,266.73247783508083,97.57021359881261,1.0
131.56528388408657,267.94477105507013,95.3742815660027,1.0
131.3703556791179,266.38428928978084,94.57570567270365,1.0
131.83212605851756,268.42437412195545,94.25470192947657,1.0
131.38087740824105,267.759953559748,97.37367578362509,1.0
131.81693696410815,265.71382260424036,96.11965569936507,1.0
131.51519698005453,266.53156988567025,104.73620458515647,1.0
131.43772264604593,269.0953049796529,92.41366094093755,1.0
130.3688632572824,267.75615245558964,87.97283423595964,1.0
131.49112896943384,267.6291194666269,101.44460245781343,1.0
131.97720471997286,267.11442288473893,90.8787927762517,1.0
132.98846860015104,266.73978521405877,91.13865326475559,1.0
130.1913073193463,268.6492055501606,93.77177502797866,1.0
130.52245891262714,267.6695900605273,95.33155249731647,1.0
130.5980679180215,268.28589170160245,101.6928535105929,1.0
132.2614808877476,268.29881990428515,98.3794037057531,1.0
129.5002753788459,269.2011510410009,97.87622210189069,1.0
131.8843198064084,268.64686255757135,103.53303856451288,1.0
131.69456139011695,267.9674463939196,93.37015466280432,1.0
131.3092531299465,266.6777389738096,92.76657338939346,1.0
130.38258897649357,267.37587634362666,101.61174198970298,1.0
134.44713815209792,267.72139987217184,89.62421061132233,1.0
132.541146708664,267.2311163581479,93.06323308021797,1.0
131.4860128567308,266.29127563506773,97.47859187014596,1.0
131.1877878556086,267.6302781414394,98.27335732114878,1.0
131.34365563604857,267.5482383187368,97.78784864509265,1.0
131.6915640049789,266.5004177743087,89.21631975667569,1.0
131.21452532663554,266.09916474468986,96.80393340471127,1.0
132.21491025449006,268.13901190654,91.12542401597555,1.0
130.41590092685024,267.8602015296247,94.35978702443538,1.0
130.95950808375565,268.1288067158719,91.42984258281466,1.0
130.87492866889656,266.73181775853936,91.15062855992615,1.0
130.4190851901366,268.2093624039704,96.62537799751503,1.0
130.39700274997267,267.30079862703093,88.17223951449203,1.0
130.54285057122408,269.6814747694912,95.91505680177417,1.0
132.00782230583815,267.4664118594795,98.10712222631197,1.0
131.93942146848693,266.4272836370975,96.21159476373313,1.0
132.85502857322425,266.73639968457064,93.53407678144183,1.0
130.96847210144074,267.8009243078002,98.99086536833234,1.0
132.5435750336264,268.0313984680926,96.05601042111125,1.0
132.53533050841855,268.23601125676555,88.88787846881785,1.0
133.80253161916374,269.3018216228207,95.52520493626756,1.0
131.65407348054623,268.8562589846198,95.50527208661852,1.0
132.00651516918478,268.6364787081954,91.29214651143072,1.0
130.6738315252249,268.4533086324345,98.67034843584707,1.0
132.1999599391217,267.39933221997023,94.92124999533176,1.0
129.2775239032244,266.3858998081165,96.60160652339539,1.0
132.100720598372,268.06307860115965,95.72506617996441,1.0
131.00439181231707,267.74907986726225,96.75733195556369,1.0
132.68070889374746,267.6783410051022,88.96004623911644,1.0
130.00360524377544,269.0506595715875,90.51047374285253,1.0
132.04066083184128,267.2635274994146,95.51748458059049,1.0
131.14203059603932,268.75328519408316,95.4020669073831,1.0
131.2428440959626,266.00109673722443,97.39972860864295,1.0
131.8072058857858,267.7710458152777,103.3557573555366,1.0
131.331334733588,267.83087769074297,104.60879610144382,1.0
129.72614918944961,267.0760748868246,103.49706981019926,1.0
132.21229252711885,268.2102803334644,100.52952974742531,1.0
131.60322958792878,269.1634976621562,98.25507189875651,1.0
131.51603048470304,267.6908589087496,97.33059582785485,1.0
130.1191460979919,268.30257328908726,95.71407738118629,1.0
133.09807847666815,267.45624976403553,98.4708674709812,1.0
131.52276556506908,266.9063431995147,101.32696019269545,1.0
133.18122701936778,267.5171230149641,94.86388212217581,1.0
130.92113464775238,265.6395383413066,95.47721033158787,1.0
131.52716149481608,268.58665815980424,101.16651475585256,1.0
130.85966429637105,267.25507723985004,101.98580257817513,1.0
131.10269948173487,267.0218706948683,103.32886829727428,1.0
132.31374904585837,267.5506920263982,93.3973888112096,1.0
129.26428305956304,268.12160384019865,91.88442743734203,1.0
129.313431369667,269.11672076197294,99.60611500515236,1.0
130.13715518569077,266.3174988516647,100.72108496096102,1.0
130.3981927622719,268.82805010215185,99.44857261323371,1.0
131.81275989937458,267.9365956902382,97.32353041022249,1.0
132.15667457798486,267.07781987210836,96.79603591727485,1.0
132.02810996648495,268.0948899532101,90.39134202375962,1.0
130.77575371150348,267.7847037400431,94.32620250490343,1.0
133.0508219397811,267.1387470398698,95.55518381221947,1.0
132.04559355698507,267.8624329778589,95.63990376407908,1.0
130.519669849927,267.83341429202073,101.56175825199489,1.0
131.75525860290597,266.7537167131678,105.05015083498648,1.0
129.82958548877187,265.94921459282114,101.16906217238906,1.0
131.50200385741044,266.9824016883199,90.87342241232628,1.0
133.59696321808806,267.64899110677936,99.03728190433178,1.0
131.59404847604594,267.9667081923551,99.06674835272696,1.0
132.00858738856263,267.1566778338633,94.9080661183437,1.0
129.53514057044885,266.7515958281224,97.7218400323365,1.0
132.32118675431045,268.13093976100015,94.66281433071327,1.0
130.01299046672258,264.7545410891965,102.12494592400692,1.0
130.68693439229762,267.0834352284199,97.02414588964326,1.0
129.87060333141585,267.1821180545124,106.48363579895279,1.0
131.7815503173851,267.8911493911374,88.45380366019413,1.0
133.5197652733904,266.10910532599763,105.97789982732492,1.0
129.16110736361995,268.93726567334835,104.45654739510405,1.0
130.4517542574799,267.9544806068968,99.10367891062626,1.0
130.46236889557645,266.082782623887,89.7776893343991,1.0
131.81717159876757,267.44678463210454,93.54477088359212,1.0
132.24293138997422,268.0399681440154,92.58896241827476,1.0
130.07496185979036,268.055161973312,93.67835920731261,1.0
131.37536824133926,269.1081992072517,98.87791725047683,1.0
130.4138963790545,267.69256142444374,91.60305128602599,1.0
132.88468553475647,266.97032148502075,97.40262978497101,1.0
131.58389595348717,267.6911507029977,86.57353127442023,1.0
129.82974231482441,267.0795499590549,97.96343521676057,1.0
131.138384164522,266.57475276147295,89.62415445449442,1.0
130.8746058343084,267.0634241899442,98.93045833806671,1.0
130.94984491664943,268.1346078910533,93.3930272015009,1.0
131.02020570959348,267.18385385498135,92.45444121559248,1.0
131.90128203524148,266.7183042375294,93.75806850024983,1.0
131.20304373285956,266.23452057866723,94.74160125850042,1.0
130.56485701906496,267.1437460421417,96.06663603674747,1.0
130.47624975566708,267.31182445480357,102.90961981186382,1.0
131.25036482055327,268.67716240764315,98.09874826013673,1.0
132.05032398862656,266.7574412658531,96.89081187553049,1.0
131.41007630142323,266.919274495749,92.25213442863152,1.0
129.78589799090045,269.0280398715756,91.50426160334044,1.0
132.62238445203005,267.0644070609661,92.05380955147926,1.0
131.89868251911275,266.9007082928771,99.2085706447243,1.0
130.94335161395554,268.01232473074174,91.5253457305674,1.0
132.1075144367925,268.01987291728693,91.76802259978962,1.0
133.9190990998225,268.07202326102447,107.81861140275562,1.0
132.8764311975565,267.34306545440614,94.30491727708021,1.0
130.87270419538694,265.70187168419613,92.88710045335519,1.0
131.52292940278772,269.05785779550877,92.50241663521192,1.0
132.15821997817076,266.27930689312063,93.43467592404727,1.0
130.81852278451822,267.9037113161214,98.65282428370698,1.0
132.2385051236221,268.3027371950289,97.58211712711538,1.0
131.66652832231637,269.1204309257215,93.8116451439416,1.0
132.0508916978749,265.7237563081257,98.42294726459097,1.0
130.79291383632864,267.53447141705544,101.56670727537144,1.0
131.44080718833416,268.4170877758329,103.73510012579494,1.0
131.66525734767347,268.70294129924446,94.73347116170689,1.0
131.26795349653813,267.0092808182255,101.58116402333481,1.0
131.69025473260135,267.024665772729,97.13962021833458,1.0
132.31773176762633,267.492632243586,91.62161199585411,1.0
131.40807513459515,265.551334643555,100.2101292721003,1.0
130.85483579148308,267.06258949834483,100.74475444400046,1.0
129.91100050158258,269.4789988774443,93.96506584141181,1.0
130.75291243542284,268.55312497779113,99.90975241565506,1.0
133.72739309788284,267.3206942509924,95.76424285678088,1.0
129.7968473988445,267.1997979572751,92.75911957224415,1.0
130.82739636570224,265.78771247807,104.6693138495755,1.0
129.8595598963821,264.72969743623224,90.42415394218783,1.0
130.6723238260116,266.3823461713668,101.85779375376549,1.0
131.13832420021166,267.5572858390304,99.41823487162999,1.0
131.56217590578586,268.51046753207,90.8188882819222,1.0
130.7286452781283,268.1978673806935,83.69350373968177,1.0
129.90097889949053,268.0328924668039,93.96503087512829,1.0
132.21227092891746,268.34108053147713,90.37581164914774,1.0
131.68282046627462,268.7335980902915,97.10344805835778,1.0
130.2986985015619,268.4112901765373,99.5433986828729,1.0
131.81877416230654,268.24783912806095,81.39321174896483,1.0
132.15710093988872,269.3400320452029,98.5494684232494,1.0
131.4688923753075,268.22833890801536,98.05740341852851,1.0
115.68423690943393,236.51318871258476,47.89853333413113,1.0
113.65941309678242,236.44976941378027,61.69582261238976,1.0
115.78655131138956,236.89248403411472,50.937528505362906,1.0
115.14501317863977,236.86196639531502,53.22707626116207,1.0
115.81005978563623,237.4817686912512,54.56957068860041,1.0
115.91894718709293,237.24537966878117,54.313444970962266,1.0
114.72307805484995,237.48898255496496,51.26584064987565,1.0
114.5035857941772,237.6912232777864,55.72221855438151,1.0
115.17876009373435,238.0162383831113,49.199833074084296,1.0
113.82872045553354,237.93455492776698,56.32889893116422,1.0
115.08231291433314,238.8655472052241,57.42798596522994,1.0
117.71302648850232,237.3167029108037,47.89524799481361,1.0
114.2923188569938,236.95201361842473,55.26964889248102,1.0
112.87438708377206,238.8360624428902,51.693009019578724,1.0
114.78566208994457,236.4381682587744,52.31836421803955,1.0
115.04569541540084,237.3955664971991,54.5847882550026,1.0
114.44282360578228,236.62169566438854,55.631132627780346,1.0
115.13112310154911,237.71469247999676,58.18462824750028,1.0
114.00989125647263,236.66227096754852,59.175590229435414,1.0
113.54957229015928,236.20809927846835,56.97880113121543,1.0
115.27065583975535,237.62274356185867,52.43119493478853,1.0
115.06372319476088,237.42539931010742,59.66670548826254,1.0
114.63430751898323,237.3561378885216,61.861736001415814,1.0
115.05996534976315,239.74952781432455,52.36459347019568,1.0
116.39987063019348,235.86216738648972,53.657714279368776,1.0
113.44798208458238,238.36196573140396,46.82515289424532,1.0
115.31622520211666,237.23531554810896,47.098476049370305,1.0
113.41309566483577,237.00647096121926,61.5926392047671,1.0
114.73897059284394,238.43473296691525,52.6042776369795,1.0
115.90918242142376,235.69060004649486,50.87355044104278,1.0
115.98186117152653,237.3542564759662,52.45721556173521,1.0
114.60199373584751,238.6668908081665,54.37706374506518,1.0
115.07647792390867,238.16056597013866,55.83061662088013,1.0
115.24504269417085,239.06454292179023,52.58805430709485,1.0
115.31053669570126,236.87455887144648,53.640068110321096,1.0
116.62021717147869,236.87425382301063,47.22152784709815,1.0
116.02921529055313,237.3687452725657,53.3695130001393,1.0
114.98734234403997,237.59663314872893,57.142145392907636,1.0
114.19333145713404,236.50573734069388,53.31433266047898,1.0
113.42601595828349,236.14445788875744,62.22290771694858,1.0
115.78992397779471,237.50745495293037,59.079526655082645,1.0
113.99185641764817,237.2019083014135,56.00676002241236,1.0
115.92312732916471,238.03042827162716,40.18329793684933,1.0
114.06437353006874,237.99457951715624,51.10973451005641,1.0
117.57268726849249,238.44406972576647,55.679901378383775,1.0
113.9155060939866,237.48221468519645,54.09551179638521,1.0
116.16023927786112,238.398642521899,58.05443794789018,1.0
114.10854363192331,238.929663123098,45.9873382137541,1.0
114.49654108606715,237.94828255974502,52.14003401662475,1.0
114.02641878981292,236.69596159919624,45.14822036104523,1.0
115.5644302867405,238.77808026984152,52.387524458283615,1.0
114.63210683271988,236.04518849633288,57.455501596551336,1.0
117.24375998097281,235.72005562043248,47.572327284517414,1.0
114.35286260518917,236.95319351511688,54.026221726007854,1.0
116.64670519501354,238.52610871165948,55.527478889162026,1.0
114.3085269436747,236.39788319111892,48.90561544375894,1.0
116.58052244911205,237.45576812334147,50.65531070697734,1.0
114.84869991748332,238.34212964443785,46.32524360254149,1.0
116.44732978365573,237.67398768174567,51.80777208381182,1.0
115.47530176148005,237.73590849792933,51.16850969295354,1.0
114.77974497569171,236.64864887793343,56.17144572958696,1.0
114.50046183832215,236.5612530023671,53.71880958855813,1.0
116.36159693047887,237.46916680101955,49.848985690532,1.0
115.43635166856929,239.45422388720192,45.62996432813171,1.0
115.4146584355186,237.72259805003122,58.69716099308603,1.0
116.02336482141816,237.3308023129896,44.46690569816603,1.0
115.83901941562958,236.6823187346079,48.1557899205045,1.0
116.18080622842444,236.60666104716074,59.903715675791666,1.0
115.36830036913862,237.83662982488568,54.4258158778184,1.0
113.39403202199152,235.74112280845281,53.96725724423387,1.0
115.60046300695973,237.60012245695557,48.78181939019281,1.0
115.0513777516155,237.4354772716539,48.1037014839134,1.0
116.04642780184548,235.7872353632493,55.83320400932798,1.0
115.41677905294456,238.5272232796111,47.86293261354615,1.0
115.13386279440152,239.68867637411753,56.19986342028898,1.0
115.13303685646228,238.0566726989136,53.320376187191044,1.0
117.22335366097316,238.50114762058857,52.46141720413796,1.0
115.28478707911783,237.12671342871838,58.93874260734197,1.0
113.6263508763423,235.9127728949384,60.18306572367042,1.0
117.1855754403039,237.98581633248898,53.45318168146913,1.0
115.68972333803809,236.87045789841662,53.74570970105151,1.0
115.07136435358953,238.14407567554474,45.09949933437346,1.0
114.52542087796797,238.3625070278002,49.511522837140134,1.0
114.03909427231018,239.55958357462634,53.08008197618745,1.0
114.4535375077901,235.82514098732528,56.53622370669258,1.0
115.73159180145201,237.21875182422946,47.378341020754995,1.0
115.00790622409093,236.68165535731777,48.179024030924865,1.0
114.9292428962716,236.46612102613932,54.12273675155268,1.0
115.64044815713972,236.6778789776262,46.048266498598494,1.0
116.59373524668912,236.57724118884218,49.58977844977876,1.0
115.2454728151632,238.11688079732167,51.60790750684223,1.0
115.49324997543457,237.11652526690298,48.033638651168495,1.0
116.45877250852034,240.0059530391305,61.36933964036129,1.0
115.17426228688677,239.35094678661505,54.668009553910366,1.0
114.55516937733009,237.98389099918137,52.41752944323452,1.0
114.04933746398761,236.61918945336737,56.89975066899303,1.0
113.18592366606865,238.12164816524208,44.741573961548255,1.0
112.91127920283088,235.67866482104088,62.72331183496415,1.0
114.83622168278977,237.60409460496479,59.9857672048452,1.0
115.96663539623304,236.12600615539517,57.234523689384254,1.0
115.21663691243685,237.1758333272035,53.01094654597935,1.0
116.31226766836134,236.63154494275844,54.89392037081105,1.0
115.02279841120041,235.72034680940376,48.87822611663639,1.0
115.225669200967,238.81485351389227,57.8961470620241,1.0
115.62966815213674,236.7022357636629,61.89556192933312,1.0
115.24769611537293,236.51114590312082,51.97496707100569,1.0
115.92870407308948,237.52512892311753,57.323815408204254,1.0
116.13614960519547,237.91804210939807,48.600978860055974,1.0
115.16791031092329,237.5626772807382,62.18622364454859,1.0
113.40613370990648,237.38268897370503,49.96902424131585,1.0
115.36756126792932,235.07994706560004,58.464114772741844,1.0
115.04620413506885,235.67281026117132,51.08392630159112,1.0
115.64141798938783,235.92606354934134,52.90560305750623,1.0
113.97498199993179,236.9615263929204,53.02318388866363,1.0
115.2159059013149,237.04676892661666,54.253473922941765,1.0
115.85043325498812,237.23859714969615,60.0473307625369,1.0
116.49466981851373,237.08880935921354,49.700289192922526,1.0
113.36828266256714,237.39094209316,51.07230307471019,1.0
115.8115068678663,236.00784981873107,51.502535016574896,1.0
116.00120004084447,236.78715432924142,49.0776842916524,1.0
113.5855153129775,240.1380852708176,49.15212608496355,1.0
113.73210881551498,236.71366102076786,49.018016572856425,1.0
114.76306586928207,238.3428836568869,51.39787613031128,1.0
114.10963233273648,236.06617292660835,52.998778766389805,1.0
115.0749947217631,239.04844377582822,53.35173065263949,1.0
114.93344733644923,236.4668575882119,51.359729099798486,1.0
114.59398118969871,237.14734726028567,48.093215012087505,1.0
170.2130148481747,275.9649453717493,9.571826257413013,1.0
170.90038365416007,276.8398620849561,12.054212739184663,1.0
169.04861009809727,277.65712157900924,5.747569120337874,1.0
169.0961935393739,277.8686940998783,15.61645658099765,1.0
170.48100255824662,277.2159697336893,9.338726604217085,1.0
170.51908832364686,277.7067536194238,4.975894755931454,1.0
171.83534388747216,278.1353548512791,4.460252525111251,1.0
170.30536449139873,276.9381247835943,4.062150069381218,1.0
169.7726426039895,276.5446798940761,10.98999063862847,1.0
170.12232686490668,278.2331190661251,3.7529763311522113,1.0
170.35300583378736,276.9679508910072,10.701946672475351,1.0
170.16494902147465,276.94811790184696,-1.1049103242602278,1.0
170.68903487752047,276.97060643546024,7.024709734183718,1.0
169.92163822016616,278.63318106869707,9.824329581578734,1.0
170.86058041563453,277.06287036447486,9.435056037539642,1.0
172.12819993685574,276.84680545364824,7.965301515934637,1.0
168.76415135376257,279.07755357992386,5.1140453268344865,1.0
171.19594720902168,275.955763237082,16.09130275541822,1.0
170.0564968001541,278.22464881126837,7.857696851451663,1.0
170.15789754199193,279.36478379045764,-1.1366252120422047,1.0
170.71208198817172,278.5896371600283,6.954325211606863,1.0
170.29519754381312,277.5363037757249,0.9654237177366536,1.0
170.45149571227464,278.19170901127075,7.446601957191996,1.0
170.14109222703462,277.1892664654253,5.707122473396833,1.0
171.67111254567573,275.5923565083778,7.303963102527571,1.0
170.0856134108833,279.1347994396352,7.3810669470077075,1.0
171.89829392687966,275.55510146975274,9.401530343958974,1.0
170.6934261882174,279.0695254548723,-1.1031372243264528,1.0
170.25833252006137,277.74505174958483,4.624628347062647,1.0
171.62994604192264,277.3403093023529,17.277418539894462,1.0
171.46754623711863,278.62982518480214,9.900100726743116,1.0
169.34967273715415,277.24789515028755,9.967362654074773,1.0
171.0909253617674,278.9861753328796,4.766400771659162,1.0
169.55321494325503,278.53809568058387,3.05547293958813,1.0
171.2866801642501,278.8787276642134,9.38437099892397,1.0
170.0557892962111,277.7200737139422,10.07093541780489,1.0
170.42355384689176,279.87728782646883,2.1502511666529482,1.0
169.41069974080992,276.702096101063,4.155706207062615,1.0
168.2344368079848,277.0493410608581,3.837182310149249,1.0
170.49188235335387,278.0967920710044,0.9025241377498423,1.0
171.31342257094377,279.48123371758885,6.062180304313712,1.0
171.98773956565526,277.8779809822035,17.047265412765647,1.0
171.5306517938679,276.11508685295854,7.196742673095471,1.0
171.4676933030838,277.7095380688389,6.919188165563359,1.0
171.683133078494,276.9691373056522,7.191183886179785,1.0
170.73699409278882,277.3452005274448,7.002960300401006,1.0
171.18839159140387,278.1118291092983,3.060018159891025,1.0
169.30924434238045,276.8898893075417,7.109848098731127,1.0
170.25342854042265,276.8470339945812,4.1128535572062646,1.0
168.89332904298763,278.09684519101563,6.903512193030529,1.0
169.15358098477444,277.7076119919861,13.81671587234046,1.0
169.67343247521444,278.9941291535193,5.486318457371574,1.0
170.61119649602958,277.7767422902205,14.111222899814921,1.0
170.57180217496523,276.53709006859447,0.5487539675826323,1.0
168.88044727474957,275.9670213237041,7.334281114567118,1.0
169.45499384795315,277.59817987485457,3.5843106398364606,1.0
169.64258402747313,277.1981461469256,10.621533593005635,1.0
171.34251347594838,278.0501640404474,2.1544930720530973,1.0
171.05699960363305,278.3678881544063,8.476841837850916,1.0
169.8097478921606,278.38785106316544,9.217698693172,1.0
167.29651173658058,278.32344352120936,-2.4651075345188413,1.0
171.07692990477108,277.5249190893735,13.071664223534684,1.0
170.31520711697377,276.79237722774224,6.366837496874475,1.0
171.47317462311347,277.70523810565993,6.53193002042681,1.0
171.15692184368802,277.88935085442813,7.073968790622534,1.0
171.77942839658303,279.2341055198574,10.1702369514322,1.0
170.12740917669453,279.17590248131916,13.01920360644723,1.0
171.132265493708,276.4629149070525,7.806965336328498,1.0
169.66969615347884,277.51997923624396,8.303890466272287,1.0
170.51352773627033,277.2038163819691,13.468374564388247,1.0
168.71723706134816,278.40917501892795,-2.1838105381839963,1.0
170.79596646490316,276.7920871615145,11.495124608451345,1.0
170.4998208521873,277.92669786626516,2.0122091919544367,1.0
169.75879819318212,277.88620888120926,10.021455454335214,1.0
173.34246456994356,277.9018498109018,11.983793446633323,1.0
168.85643439567045,276.34909962646424,5.326131946746433,1.0
169.21594063254113,279.16539074126473,5.05251235588705,1.0
171.79555021657285,279.165773961884,7.317504419206529,1.0
170.91516808198733,277.6228920144574,9.795790821561386,1.0
170.89671017996028,277.5553418619063,9.628455727102896,1.0
172.13706460384697,278.3920077175093,8.732603887991822,1.0
170.53813784922292,276.66631836402973,1.9671214344113812,1.0
170.73672485965997,276.30960036375114,3.271967824970778,1.0
171.69487966854382,279.59322118486114,-1.2261745641998978,1.0
172.0400178904813,277.4675531969528,7.028580384631869,1.0
170.29995669753697,278.7595356148238,-0.934777075427192,1.0
170.86953193953482,276.7341212904103,9.957548466696561,1.0
171.95616466647274,277.6785741613857,8.974381249642706,1.0
170.8229201064174,276.87939798812783,14.661802569210286,1.0
172.1198365754407,278.38077485991533,7.470032979826921,1.0
169.95147451282543,277.05250126464927,15.657788732521972,1.0
171.82778337090872,277.6153299990088,-0.7960468285669249,1.0
167.5813564582707,276.5955648275341,6.450503839813097,1.0
171.8140573626227,277.02733527874057,9.627683101491202,1.0
171.71654928982812,277.8075278046544,6.391366475844487,1.0
169.10460481394108,276.4765161795939,9.184103991867811,1.0
170.21246079497877,277.8015228054516,6.867217241307458,1.0
171.07751237753834,276.8943040763689,5.425702601872859,1.0
172.30955055681284,276.87920534941253,5.695728665788183,1.0
169.82398162620112,278.12377285020557,12.215567431999041,1.0
169.9151567095936,277.24757714669363,5.708697793273542,1.0
170.94320211165467,276.9395961852881,5.223805989932398,1.0
168.04117445666668,276.29724647830335,6.541387039692252,1.0
171.31123250138282,277.9740672711002,1.6097635364521965,1.0
169.01311212005177,277.85367158069647,-1.1604123914755249,1.0
171.4792951468966,277.74288767944853,-0.9329949763815968,1.0
169.44741446933784,276.9546801685672,3.2376432686715004,1.0
168.9234353199582,276.8043289658095,3.6815980390865626,1.0
169.70208257256925,278.80694811273173,7.627744833924766,1.0
169.42011111074214,277.3443698818442,2.705820333231773,1.0
170.11336166916794,278.5545006409397,8.36495972284932,1.0
172.69896950970778,278.0549189135658,2.5356332699031583,1.0
171.22310905899414,278.75892270494086,12.574440777008412,1.0
169.3191273751446,277.53135407328347,12.762665603930957,1.0
168.72863936930577,277.1795747267763,-0.031082607346263558,1.0
169.4807980982827,276.6665343350545,13.356454982505868,1.0
170.17883029327095,276.8156359064565,1.9255771628662206,1.0
170.55503549305124,277.6678558604577,13.823977693155829,1.0
170.913385024037,276.24719370973327,3.958702281832352,1.0
171.48344084025067,277.057908790097,15.776466694407238,1.0
169.31507889685494,278.2516048408391,2.797528052795486,1.0
169.90377319523336,278.7775731360295,6.468270005596109,1.0
171.22682057329382,278.1522820827131,10.872934237600198,1.0
169.52518011709418,277.45741708959434,9.224868910293045,1.0
169.56429545548605,279.30849153103065,3.2174656090130216,1.0
170.1133647512419,276.67243242300407,-3.6129345064047484,1.0
172.21028685075464,277.47465255089526,4.864031627710992,1.0
170.2146532665089,279.09885545999475,2.2780727794666076,1.0
171.09293619394478,277.25520323924883,4.120251542097145,1.0
170.98042654069988,278.66723206154103,4.534091068389117,1.0
169.6445191685049,276.5098957404763,12.621124653430572,1.0
169.83811233337357,275.8298607605229,14.153366511769425,1.0
169.04350882622677,278.4584520190574,8.020749053126318,1.0
170.70128376039497,277.094616212487,8.931563120911875,1.0
168.74558843529547,278.2670292365381,14.888656027449494,1.0
171.29739552560602,275.6594514024116,2.1825608084244523,1.0
170.2255734062049,278.16592879273827,6.570342451487568,1.0
169.9201539410692,278.2742917954906,12.924364650913525,1.0
170.1810743209931,278.4079213551836,-5.79164790615868,1.0
169.47585894207097,277.3577325507403,4.660774716015565,1.0
170.74616654558415,278.6927420352966,9.636950949930636,1.0
169.79114285642464,276.1562233972941,9.888426422683128,1.0
168.57519158850968,278.33202877120476,6.161360409138353,1.0
169.23753334024147,277.96624880026513,7.089225306493689,1.0
170.37677103526346,277.59476819127093,9.201226361919401,1.0
171.33780235013822,278.17560668628215,12.164271768900242,1.0
26.709899732592035,5.521825202414939,77.79250927112177,1.0
26.344586714196293,4.758997709175114,78.39510471701006,1.0
26.377876990835812,5.457631785815761,78.5954033536592,1.0
26.104314864373812,6.138197131201506,82.23281442870011,1.0
25.761242991402924,6.920161960810164,84.97412131122793,1.0
25.915363798267517,8.529841165613082,84.23114323943587,1.0
27.27079504413954,5.504538228965959,76.44727981875376,1.0
25.347033394818748,5.7975094486996035,80.77894350614622,1.0
27.475176092785006,5.945478110001607,85.5693289419995,1.0
26.09230875442932,5.631964899364548,83.45196462206137,1.0
27.85284138023294,5.297570640360901,87.09693680759156,1.0
25.11278265883643,5.605892789828276,83.27990058456672,1.0
26.465165000189202,7.548647860071529,83.01157134747112,1.0
25.295174303926284,6.715561205148485,81.44113551021502,1.0
26.377471481394046,5.949296792559964,73.54470029835969,1.0
26.647089096056185,6.648887238919015,87.89500839633682,1.0
27.93925267292244,4.870415458634239,85.8445217762026,1.0
26.548084907103167,5.646437239289893,85.24751573704269,1.0
26.638436865574178,4.846835402120519,84.49309836117595,1.0
25.220805604457595,5.413662732167125,74.38826047885055,1.0
25.665428984959732,5.8619485606242385,86.01126889127575,1.0
26.139689837133318,4.523231081298037,87.57272483921514,1.0
26.020203286912118,6.553889822527373,88.0916651470923,1.0
27.561394659431247,8.02674622146273,82.90079076143546,1.0
26.449914356555865,4.987158141280935,88.5699854049701,1.0
24.95390246589044,4.260267543467294,87.41391458149576,1.0
25.617093385514394,6.843126513439956,85.30235780152464,1.0
24.508787259438503,3.345839867775101,77.7789758193302,1.0
26.155281397443076,4.843742897402944,79.99817730805023,1.0
24.679849179864885,6.23539719189464,83.71611418997543,1.0
25.65739728641458,7.462584533411458,90.75055969139162,1.0
26.70405711299866,4.265748050630971,77.73853381876575,1.0
26.54592024154546,5.436961651853125,80.82652739623468,1.0
27.03775730505027,6.576394053990133,89.83275672386354,1.0
25.709580613815735,7.440744652544613,80.49132831937138,1.0
27.638281400600974,6.171353875714494,78.95943581924575,1.0
24.50757040280868,5.764046917236022,81.98082106481661,1.0
26.996451820584664,5.954928729289508,81.09982466190158,1.0
27.21582738340975,5.840692670827564,80.38077547365928,1.0
26.713398827754784,5.575691013250449,86.55599526325136,1.0
25.541872798679016,5.842560049127336,84.02286943273513,1.0
25.764663590197905,6.052067762740326,87.3393444009941,1.0
26.54939170178226,6.5464890821323385,80.08483236169747,1.0
26.99161967873658,6.735081572606798,88.28408051610192,1.0
25.41242407827611,5.8930606354162585,86.4296540670958,1.0
25.52997479304508,5.8393967623337595,92.89101324209143,1.0
28.090550922730024,7.305459781925076,87.95491023604264,1.0
25.11953876095708,6.578081463523838,81.46640157946437,1.0
25.080218012856843,5.556513393506395,83.84030992502554,1.0
25.591434336163545,5.514719806390875,87.22219204690867,1.0
26.282896395585443,6.298977311760034,83.8213465392753,1.0
25.46308676709056,4.694947314137027,84.8148081068962,1.0
25.631753278336767,4.0547369635118375,81.29914826496804,1.0
25.046571969121587,6.764169466405471,85.8701106909955,1.0
26.63568305530068,5.4004776139390245,86.91974246410457,1.0
26.458439693596283,5.655664693657896,80.99529739410121,1.0
27.03149806333591,5.591915175134058,84.78026692242518,1.0
27.172746897274994,7.974861857654824,91.58135017698245,1.0
27.03961267467124,4.559607880526328,79.81674240770394,1.0
25.590702722989676,7.718669064663036,79.76539484993334,1.0
26.52495628756058,6.166386295355027,78.58634850760608,1.0
26.520613920081594,6.463815318295208,76.98311014608629,1.0
27.36166735751562,3.9790092032425277,80.30819879024399,1.0
27.110760204327786,4.872261398623676,85.01331415260395,1.0
24.84242952218678,5.972495087653492,71.6931189889328,1.0
25.296218208749202,4.522597784943425,81.2531658441613,1.0
25.723558514640555,5.391855060788576,87.25155053762752,1.0
25.251910306590773,6.699905905286767,91.4083634045881,1.0
26.277854060766895,5.2078490275223155,77.01529198048608,1.0
25.42900481034271,6.770161952847606,84.03993822963828,1.0
27.0755851267162,6.835850111424928,83.96603781418497,1.0
26.612278172128672,7.920765441518195,90.3402656856672,1.0
25.836043893557957,7.055198674033606,86.19123858388348,1.0
27.27517798800195,6.737135804133625,78.39114737957885,1.0
24.51910534508951,6.638146249302801,92.77507554664295,1.0
25.36312580252224,5.877429494048065,78.08324592381773,1.0
27.31661941516787,3.7603523770541947,71.94368304961475,1.0
26.513809830282366,5.9831755853063635,80.86386947942476,1.0
25.837695123938797,6.6025071465540766,81.19296460954547,1.0
25.0418649387291,5.138156304024749,87.70367886477801,1.0
25.61404795549999,4.680241648330517,83.77287618951365,1.0
26.643784632242223,7.394479979650939,84.35150149040214,1.0
25.47907866325254,6.539527099374745,86.89785890489598,1.0
26.099884603798404,6.020919839372142,84.56264907948764,1.0
26.06893341220603,6.315633138980841,78.15241793265916,1.0
24.988352140643702,5.229407852596946,86.47303927144092,1.0
26.39758747780282,7.105758196347274,82.32852994422075,1.0
24.99514851462036,7.2100727673822735,83.16814927709433,1.0
27.422244946728735,6.663465723489896,94.20507794890798,1.0
25.91901692474885,6.966243137186896,87.71880508655852,1.0
25.58366356496776,5.893036914990755,75.95329284371019,1.0
24.589993773459547,6.19208803362849,87.22701990828094,1.0
26.776813943957666,6.405543830357368,87.57707032054925,1.0
25.549092114762885,5.792986483609956,86.9495921218632,1.0
26.571908639911143,5.855330418300953,89.86595648543337,1.0
24.846788659415083,5.546840544809123,81.84499568251253,1.0
26.95532479023598,6.06790443001295,76.95452582084073,1.0
26.652794090278274,7.15306554756461,86.95850722045893,1.0
26.7579448320677,4.191205735356647,78.76255217107638,1.0
26.620870519134414,6.010631047343327,85.87477256478786,1.0
24.87244723349926,6.00402446781283,76.31307946031276,1.0
24.185111347842806,6.361298320604603,87.4749285370787,1.0
26.384406338363988,6.032522751833049,75.45191284564747,1.0
27.14489697755976,6.021474334721774,93.05979458082264,1.0
27.081104218739178,4.0603938054455675,87.03723295607324,1.0
24.742254672889054,5.3060237416686515,82.00820117099305,1.0
26.044727460099608,6.463084447715182,78.14770935077273,1.0
24.988097906205564,6.666124433830792,83.19573321512367,1.0
26.313162959163737,3.8718358804030553,82.37629763821718,1.0
25.248060727400716,5.144892859080846,87.87165857591668,1.0
25.043118681489698,4.9726226257716855,81.60693153778507,1.0
26.589078741109557,5.181504502349629,89.43270473369411,1.0
27.58863743582343,5.184072165629251,82.03657577690952,1.0
25.360114437804597,4.380137127226488,84.77703980707459,1.0
26.872384778691583,8.077383495224277,78.77493703663711,1.0
27.475025001274833,7.407872923355669,84.25125110262957,1.0
26.740953400038276,6.9387922803984186,93.1324842960033,1.0
26.61659847307868,6.00538134659403,78.93114055975644,1.0
26.44411066547471,7.089684164870786,84.48503636144116,1.0
25.35886666153721,6.154595434594278,82.61621714249323,1.0
26.40352866821792,4.403670864879466,86.01592762530746,1.0
26.734213067225934,6.510372670284224,83.24317046906867,1.0
24.33285364785879,6.046196440126452,88.56555955150465,1.0
25.27866103416975,4.076249765936431,75.55919469544033,1.0
26.452815602282815,6.438395240950153,87.69345052790113,1.0
26.08353091473256,4.565190856119145,79.16946385182541,1.0
26.95762928306156,6.206015139537191,86.51113272819369,1.0
26.57357871592325,5.8605586803674194,82.39195036725363,1.0
27.99589218021807,6.480193498706936,82.619046803212,1.0
26.594209901399022,6.288425051721989,72.47520268732148,1.0
26.788874424834525,7.886458506187391,79.36058521284347,1.0
27.59282565930138,5.808649534765799,84.7293415430429,1.0
27.209149927435384,5.345517800806906,89.47445411888616,1.0
24.924572629102872,5.190364483183799,80.29438296805617,1.0
26.800795276914112,5.724644821528244,75.66211225686446,1.0
25.922257038612383,5.281297849563331,86.91845265899565,1.0
25.795554856007108,6.136293307998367,81.23462226909044,1.0
26.5727288786925,5.881928468627161,84.88797812822912,1.0
23.5454013457205,6.162770109075502,85.33155290534496,1.0
25.93950985554762,6.734911703490257,86.9550196997579,1.0
27.443003802311715,6.170330840169997,73.69298103144389,1.0
23.853290461672565,4.463678280023197,83.07244924887311,1.0
25.981484622181647,6.341759084117689,80.13575494200794,1.0
25.402298738956464,6.62056717450815,86.5416066116563,1.0
25.88213977498173,6.027042573858762,85.28355627143875,1.0
26.643133485625206,4.921538532498975,79.66411527520404,1.0
24.908243864816825,5.558612617260884,87.32365250150295,1.0
26.685061777405977,4.967421271735157,85.82331818892371,1.0
26.224633015804663,5.571592525011795,76.22968627927564,1.0
25.963966538844446,6.745463238213671,72.44649631281317,1.0
25.74266671271076,8.319802930902679,86.62516814763427,1.0
26.398622405465687,5.328334062526801,79.87033536542395,1.0
26.05550151476225,7.668382861474852,85.58993050926846,1.0
25.26663151269139,7.242306194481579,81.79901351900334,1.0
27.83613639147616,5.498916207460011,78.24565577027435,1.0
26.31341948827578,7.047846215898013,88.44920853844835,1.0
26.297981677131023,5.077422544129104,80.73528094530437,1.0
24.120508042107996,5.152397694528895,82.36970048030749,1.0
26.52779205111569,5.726064910632936,82.9770892799051,1.0
25.742604465712393,6.816544536287486,78.76641986266111,1.0
233.9198149409771,260.4765528638217,95.18048350284248,1.0
234.65686250713924,259.87705504817376,93.09281212191358,1.0
232.28257683108467,259.72513063352505,92.63775262637712,1.0
234.23693022674064,262.1059270386338,94.37646886147549,1.0
233.65435933100085,261.762801149154,98.36465523876223,1.0
232.4920825273379,259.5332427389077,102.91397198890395,1.0
233.94320469724352,261.5806003674444,92.32359971877125,1.0
233.6820024778442,261.63264406150256,99.43200344151214,1.0
232.70200206814746,262.0159049841111,90.22367448238253,1.0
234.37576720976207,262.08470041813285,105.72348581095252,1.0
233.1045330947047,260.00421445748424,101.8312360348183,1.0
232.74781000586816,261.04763998548975,96.27452313747604,1.0
232.54495331354207,261.32464394023066,90.90175464048623,1.0
234.03923096659918,260.036713385589,89.20317749093677,1.0
233.39691782616487,261.435278326857,100.74650720854252,1.0
234.26537901578232,258.65000407435537,92.83611206849305,1.0
233.55367757945817,262.5226477539819,101.78055669165005,1.0
235.34836533680325,260.4787050511318,99.23391919968644,1.0
232.34705447738583,260.59929225442175,94.18535563186154,1.0
232.81303662563843,260.6101953528601,97.87542192272981,1.0
233.46923794947162,261.5470979136285,98.5617765602107,1.0
233.10297965610553,260.4810659325138,96.32617562248298,1.0
232.99798814350817,261.49461552922776,102.18946017663272,1.0
234.72106982290222,260.20594171410534,100.20869534997016,1.0
232.05234564336246,261.37681919229834,103.27519563373173,1.0
233.29743578328814,262.0762805213046,92.16899487169903,1.0
232.5583800018635,260.86783463140205,102.97288599620552,1.0
233.02959582861317,260.550091373137,92.9036924313863,1.0
233.64990632939777,262.2503396149402,101.36523476874487,1.0
234.1436759392914,260.7966699991221,95.04528742695683,1.0
234.12427120137153,260.97173339841163,96.99379304467949,1.0
234.34526590735877,260.805857022373,93.67295292635038,1.0
234.3562137802861,261.0843643644796,92.67668750403294,1.0
232.33411939008354,261.0990563498726,109.54888253066778,1.0
233.05420468140895,260.6673706149602,105.48069021136168,1.0
233.38974408516464,259.5551776107978,89.99785196053554,1.0
234.67368925874263,261.66999901629595,101.99246276543236,1.0
233.38926872657643,260.27693244806295,96.77601864465557,1.0
233.58305650232953,260.16533331834705,100.66908377103204,1.0
232.1874291161554,260.67088570947055,96.84179486089388,1.0
232.7560054717798,258.79813911902596,100.10118254383266,1.0
232.69127452451488,262.3293524333701,96.15192283485614,1.0
232.90566569652393,261.0951664208246,103.12903296642864,1.0
232.88361762183698,262.0183821688755,105.06335242836451,1.0
234.4373480956111,262.63007596503803,104.32506432833875,1.0
234.96190757884816,262.6079707934614,98.90218187142622,1.0
233.01780138538294,258.74140083880195,91.24816862566743,1.0
232.99874248579636,260.6219093868052,97.09786190626598,1.0
232.4462647947064,259.40786686260446,97.21071839094277,1.0
233.25760735614335,260.1960904324959,94.15107341502448,1.0
232.50686869308274,260.6071207350294,93.58032008830014,1.0
234.70690061647215,261.2446412060909,93.00024463314382,1.0
233.1665775034877,259.8233588676946,102.92267569915035,1.0
234.83121200953596,262.2556464567988,92.13837106706342,1.0
233.35575826522896,260.60207379853284,100.67189975284731,1.0
232.43911548167125,260.32775278004476,95.79574908151736,1.0
233.60031375408758,261.69777318218365,96.21819575959337,1.0
234.11099036048137,261.8257208308429,96.7957580389173,1.0
232.20136715208955,259.83245413861164,100.82046909903424,1.0
232.97080084864047,259.2910151513633,100.9265960641914,1.0
233.57657980550135,259.5976773929031,103.75893412928963,1.0
234.2836612721129,261.14238972533593,91.49023738460431,1.0
232.04469475206986,260.6965759872043,89.29225727552496,1.0
233.85210555813964,259.59282116066544,98.6863978695499,1.0
233.15889383222842,261.7154297421428,93.17209624696896,1.0
233.72075473447987,259.6088042812111,101.83958198212343,1.0
233.33206351867764,261.4994951430112,91.25920748913624,1.0
233.94610956062692,261.3098478703495,99.68032368684322,1.0
233.75965924796913,260.8101805912554,104.06833032485636,1.0
233.29112729918944,260.2644752736549,97.56820325643172,1.0
232.49650733951063,260.5396480507149,96.97560114232941,1.0
233.0674711643093,261.20304154685124,107.59064117980803,1.0
234.01797512480127,262.07594512133386,95.34328703643521,1.0
232.86000899645,260.6254664271528,102.12627970962079,1.0
231.29890680672426,259.9704796987544,98.3735134574475,1.0
233.22293291789222,262.9713741561888,100.10025030198969,1.0
232.78483384142467,259.4260374055064,96.15903404858709,1.0
232.14380520227672,261.4703951244642,98.6673658344848,1.0
233.76705721704786,263.0828211388408,93.32450431617491,1.0
233.25462107715924,259.7911287295569,97.45884164252578,1.0
235.04029890090519,261.57236687316623,97.2893989953304,1.0
233.69865553377502,259.79278883610215,95.89316566480446,1.0
233.53227785952552,261.1030664607543,90.20875300128331,1.0
233.77464846418994,261.28284096655995,95.97657819191251,1.0
233.45120028403764,259.52015292067773,90.46285614665466,1.0
233.5817125472934,260.3359212831296,97.8040566221549,1.0
234.28651595727274,260.8297145437406,83.80849394913042,1.0
233.29637164693426,260.52260045205173,96.6883624516618,1.0
234.3467560975267,259.4251142881046,99.08161734281633,1.0
235.01732919686637,260.3777013590773,100.2234736542051,1.0
234.41333106392594,261.21387591314783,94.43634932161928,1.0
232.73750427424716,261.7474446278117,100.82257967718508,1.0
232.66055686988392,259.8271713196847,91.45780065253142,1.0
235.1086771461399,260.93569935365525,109.66297715154347,1.0
234.0025708880257,261.44316679687955,99.39319666480232,1.0
234.44617513515252,260.0375812890017,108.66189976513007,1.0
233.34672358234332,260.30024438185296,99.3746392347185,1.0
234.53936416098594,259.99608959826276,100.69618108548175,1.0
232.73058112736868,260.4973709408713,95.41442212950125,1.0
234.21056675144106,259.8945717422514,98.82491477344946,1.0
233.10360742087255,260.15643429608724,91.794216209504,1.0
232.24413696043914,259.36984845639296,102.34267019202274,1.0
233.20537212232392,261.162296404112,103.75278104568439,1.0
232.22690812802358,260.06209879873006,99.13541190674532,1.0
231.62294573287477,260.4249359610489,93.23736885777407,1.0
233.7765477271247,260.5778286076819,107.90258062016119,1.0
234.38491665702455,260.15040598977043,95.92526703599215,1.0
233.0994407720397,264.31021882315633,90.3108360033857,1.0
233.65056498535975,258.91921233868425,97.82714701724679,1.0
235.35691584686415,260.59518904237166,103.38460633063664,1.0
233.38091005900193,260.5811457572203,96.60355242854442,1.0
232.86012263977514,260.37758620215595,91.21086216165392,1.0
234.9538260139046,260.6105680782523,99.33070577710517,1.0
232.57049343351537,262.1206350334611,96.49405533373725,1.0
233.35599261709734,259.1746678387498,99.84171527897446,1.0
235.25853098977538,260.13456688804587,95.570688454764,1.0
232.30870132674013,261.13280664828613,98.18195521281055,1.0
234.15210638644962,261.5551180208467,93.7992539923484,1.0
233.67197333401953,260.6753433673233,92.40666933639284,1.0
233.32016941199254,264.80530468901287,109.43768739330613,1.0
233.58685188272278,262.7425016820565,97.63491740254504,1.0
233.39388694551366,259.054072686416,93.06130639355497,1.0
232.66352602096867,261.1111635057112,97.93175689757278,1.0
232.86808293356327,260.4148312745119,97.03106854523664,1.0
232.06561363427286,260.3910059136772,95.95538487423492,1.0
232.19807635188226,260.6734065807812,93.68779840560386,1.0
234.68240767696463,260.75984067690666,96.91410588199352,1.0
233.8750533919765,261.5606127908864,89.18062520177565,1.0
233.0702411758476,260.09461214779367,97.13598300231031,1.0
232.91069276375623,261.16071393690356,92.95953799546562,1.0
232.87925804343496,260.4124848051234,103.27479107563087,1.0
233.81502894423568,261.3725331816314,96.43024281922628,1.0
233.0623074328616,261.5646473625434,101.74900389224533,1.0
233.462172070584,262.14529241952187,104.23260936085232,1.0
231.78232724556622,261.4340233588288,97.64882458082123,1.0
233.8353140989234,262.1196210020725,93.25914340781921,1.0
231.82675118253258,262.1098359468968,92.86941099862435,1.0
232.76080577103411,261.2082653674654,94.43132511746963,1.0
231.85481465663955,261.0378342414615,93.95441092846711,1.0
234.0448851628254,260.4975679179671,94.41960352967241,1.0
233.23702474584493,262.0557979508844,102.40135463146483,1.0
232.35379910249543,263.8033521231327,96.23295260035127,1.0
232.29460955599563,261.89187646409454,96.05347193650465,1.0
235.60074479279479,261.8510528295273,96.86823499173256,1.0
235.02233216268735,261.8527596855162,91.71735823860196,1.0
234.33541939452755,260.4871570320973,97.44520279704302,1.0
233.5780797341726,260.1245484617795,91.19512282882289,1.0
233.81480929587545,259.6154109753759,84.98582108943008,1.0
232.61091968058372,261.33473689553415,96.51242855542658,1.0
234.7141562255752,261.18739796947744,94.030285963541,1.0
233.00744173447566,259.56710311477656,103.29082034680606,1.0
232.06592519887218,260.08323684192646,97.06040312113326,1.0
233.44937854944598,259.50099411053594,93.33415524717893,1.0
233.71206588719446,262.13336783304277,99.60685203372728,1.0
233.42121552336428,259.4412357401756,94.77512249051595,1.0
240.26906350632814,138.58188032032515,84.07591996189143,1.0
242.62902997818105,137.84994676049686,74.23733865192037,1.0
241.2660521907968,138.67927320126498,78.6144560707819,1.0
240.13994359267622,137.7893221706946,72.8789412048926,1.0
238.97042175546878,139.68975493271057,70.86971430522264,1.0
240.24622391066563,137.88612121585405,76.28608318506882,1.0
240.49052024162543,139.28779758923744,79.76780031798023,1.0
237.87444960265108,140.01477338455535,84.60390021464335,1.0
239.83900609820824,138.45406649283896,87.06016367174632,1.0
240.6947935363108,138.41451427230464,76.59122424938982,1.0
239.55403215400605,139.62104073027672,83.25287655217899,1.0
238.13414625351828,138.9084510747456,82.37352428553358,1.0
238.24110609904537,138.44084392444122,69.16769959676296,1.0
239.87706210095848,136.3605741739666,74.64419001010596,1.0
239.13650335052196,137.73495885573695,85.31055771351838,1.0
240.2830798347562,138.04423981555615,73.38752842417504,1.0
239.50879294817187,137.41469570758025,82.91831764939387,1.0
241.7443352665649,139.49700857396166,79.71136935637129,1.0
239.58194048172393,138.0387023864181,86.77934049208352,1.0
239.17163365749556,140.0049072327753,72.3952214185448,1.0
239.45133761061888,136.72975208315876,78.84908863478695,1.0
238.4838416431409,140.10885808267,80.1142789869509,1.0
240.2849660118939,138.72648712504432,72.59021355668986,1.0
239.87168755275093,140.2808893637473,78.0956922586771,1.0
238.73055306339228,136.5914660191845,74.48628267668516,1.0
237.98534036747623,139.27432604492216,81.95875395955677,1.0
238.87188743779654,139.05778998434897,75.17064436386063,1.0
239.70195498224223,138.81576422744453,75.83311758344809,1.0
240.1657726136702,136.758080625412,78.6402925685854,1.0
239.71261724262936,136.39741553963145,69.00446666498812,1.0
237.88804565939017,138.8581155098035,78.67271576300385,1.0
240.02152684219112,137.1174301833714,83.74778668197688,1.0
240.7304104848345,137.67684564085621,83.93321901091453,1.0
239.49664686823593,136.6676036518695,69.88944379789109,1.0
240.4812927528721,138.33975986521057,82.4590423609152,1.0
239.65919614028468,138.71147956924034,88.67054974354642,1.0
241.1444183526485,138.01098140726913,79.92776125216118,1.0
240.24201470807887,139.20519984337565,78.40796165458569,1.0
239.25403741452206,138.44018585864305,75.65148208125366,1.0
241.43093654625687,139.68453491471487,77.03484253424861,1.0
240.1758615257109,138.27834941164386,84.0191233084866,1.0
240.7964497814351,139.01241950859043,82.40923897671817,1.0
240.40814007305866,139.61787052968785,80.70857449529153,1.0
239.89946979413162,137.8665830522803,70.19416394117964,1.0
239.71972088451037,137.70275314247542,78.35296296343117,1.0
240.88805768920417,138.6166333513199,75.97790927309742,1.0
238.89444064015544,137.0136734684556,84.71694430543299,1.0
237.97087824608784,137.5090256496485,66.48690796016021,1.0
239.43142768926737,138.10152411611898,76.03144552549807,1.0
239.6844393650407,137.62254360146179,73.48463942620188,1.0
241.56539567827818,138.10974572751618,82.59121075337937,1.0
238.9107982223641,140.05653727063165,85.62382828368453,1.0
239.97858794723436,137.34427708291008,78.48792455728385,1.0
239.79487376505816,138.68343258996904,73.1618145476472,1.0
238.2245691288378,138.60617171326157,78.00146104697696,1.0
239.74964428693644,139.47060925473053,70.67711521348872,1.0
240.7582629810049,137.70058113586222,76.07680729939524,1.0
238.92178990176583,138.5334285337188,68.5238282546459,1.0
239.1794835447299,137.9280521305942,84.37256864046152,1.0
239.89826740880432,139.13932698737585,78.08261170057806,1.0
238.69866889355438,139.3510135440628,73.8257109183077,1.0
239.22132592424433,138.62590845468912,82.78061157588108,1.0
239.54618472173433,139.95433340786283,75.19552555338505,1.0
240.41315855197172,138.44742497683026,85.78627681970764,1.0
239.96197527827806,136.56649585782347,83.49459367769309,1.0
239.66602075167657,137.89074676481118,84.16774143824973,1.0
239.4162606289876,139.04379541904188,74.21100103215716,1.0
238.9114391381891,140.25439043646315,74.11775394233212,1.0
239.16279832859962,136.73548788401186,86.20282884868466,1.0
240.1455675883122,138.68158830933214,82.92860968153869,1.0
238.41823269568283,137.90276189395988,77.59572897239799,1.0
238.19909821428863,139.7552358022295,77.96077237767871,1.0
239.42428062876158,138.68003416544784,74.29000620696155,1.0
239.79268226883005,141.87134722288204,81.07632777987455,1.0
241.41588032465143,138.08872555342364,74.29507267799086,1.0
240.05727285438874,137.1021037324555,66.51812880141657,1.0
240.47916177003924,139.08514682085178,82.2221737374109,1.0
239.7757391382071,140.4221813757592,77.61627669335746,1.0
239.19360452422652,135.43730996087223,77.81708829037933,1.0
240.57944705007677,138.45066987441905,83.67402630087935,1.0
242.04245043127247,138.27045846750235,84.20918542661208,1.0
238.16171668983708,139.47512778023616,78.3703700305794,1.0
239.52617876667003,138.28040975587305,77.27140028695233,1.0
239.43876635567185,138.6424816460292,77.18145695831353,1.0
238.59177678605388,138.86086256487167,75.0135778866982,1.0
240.79555587980923,138.40998170930717,78.6880373952515,1.0
237.69833735177244,137.18712854771144,82.75098959618279,1.0
239.0137525389909,137.9113710168806,76.66321779230415,1.0
241.11131185784444,138.81794667368115,84.60424064556219,1.0
239.4798214674859,138.65698493964595,72.03670035176566,1.0
240.92560050016047,138.5524568795744,78.27356312262692,1.0
240.08588480424274,139.8906007497999,76.9804420962026,1.0
241.410608222772,137.59228609147576,80.163840668491,1.0
241.75678782619195,137.95399394462095,79.27919689586264,1.0
240.62507432785353,138.30590897698085,70.5511512478239,1.0
238.69160990594813,139.0247412647334,82.51049422859177,1.0
240.5321245993381,139.5902406897474,78.41284360332565,1.0
239.9558024357281,136.92494001672202,79.63956239715723,1.0
240.36025005040818,137.86059738106357,81.2729261231201,1.0
237.93168042049928,139.1949082736741,79.55433924674955,1.0
241.8581777986051,139.8568942127448,85.5878194214382,1.0
240.56496636138525,139.0904242897948,72.1447610540809,1.0
239.4124779646653,140.27053714654042,70.7720953850301,1.0
239.29728743020397,137.02457459506488,85.30767669880618,1.0
239.1817879364715,139.98834304181085,75.98410516004905,1.0
239.24343718485335,139.72233786486422,82.74707626061442,1.0
237.0312889557995,138.89494946573674,81.05375201990701,1.0
239.95737619591802,137.7861506720548,78.19495985184349,1.0
239.34950778405144,138.65513170348953,77.04094631434022,1.0
239.12564110677815,138.60757912218418,82.0651121795675,1.0
240.03657515741247,137.8901662859483,79.7341877304976,1.0
240.81736165687605,140.03921284445573,84.09068054944272,1.0
240.28494945837613,137.43468464466565,71.2251539940412,1.0
239.54518805129803,137.0346238943234,74.12899398334241,1.0
239.57744696026592,137.95959825414064,76.41332734709346,1.0
238.419564637719,138.67527543567277,83.03545788398009,1.0
239.19943179722793,139.16956402007077,91.36655119723594,1.0
239.65575823488263,139.09501868382907,79.03676807908232,1.0
240.71719299424115,136.72515879926746,72.76813378891947,1.0
239.89103319308848,139.33077124203803,78.70553775797025,1.0
238.08299601404946,137.62019539942116,74.07938704065946,1.0
240.13656121002015,137.68176971603913,74.64888210464169,1.0
240.8323168416548,139.77912495267813,75.98654360196535,1.0
240.17247193736696,136.5623248773482,79.04455292542225,1.0
240.93754731481292,138.9705903811369,78.5582218504329,1.0
239.35892629154446,137.79701666028814,77.15750560267654,1.0
238.1961281267808,140.0542676541778,80.87397083061963,1.0
239.6451322308038,137.8240039010522,77.70121952785684,1.0
240.54536420727993,139.4552565670985,73.53446297831684,1.0
238.77404050484344,140.52203863868783,83.73588191722398,1.0
240.4560892058451,138.30516243216218,82.67301931995945,1.0
238.47433608918598,139.9755770974146,77.87405650495974,1.0
240.53843076717584,139.09002645077473,77.3950630723359,1.0
239.5722029099196,139.66539181715552,83.18540465155849,1.0
237.97533814503666,136.7514029388231,73.32181452686476,1.0
238.8540238667174,137.3252828032923,79.41347084495699,1.0
239.2838648178831,139.64993329764172,85.31730645623082,1.0
239.7188860275195,140.12726662455245,78.17398917934916,1.0
239.3127786182672,138.50859441517346,82.77721763861088,1.0
238.1331082923172,138.2352093536551,79.5399459302299,1.0
240.11065393025564,138.07537233255664,80.4968463418629,1.0
240.03969088296796,137.85190056240717,88.96091077333942,1.0
240.1871194710484,138.11262532570572,75.19432246125335,1.0
240.77697818324802,138.54586846694363,90.7934811177215,1.0
239.311645142065,137.20120173742725,77.91442533447753,1.0
239.92263672385454,136.32535804123927,76.50707505673815,1.0
239.3791538236295,138.075045139674,74.90178889049253,1.0
238.40437672192866,139.2018467273013,75.13371340869716,1.0
238.72386781261625,137.68387440806166,75.69130142991077,1.0
239.85621638973012,139.11214766224003,73.28702013857018,1.0
239.26827186746266,137.09830094785957,61.09141766153367,1.0
239.90336319574868,139.9638121933803,80.66333389540966,1.0
239.2405093088741,138.54028781848479,72.17881712367024,1.0
239.6252769069845,138.01609942282198,73.78934646830862,1.0
240.15322149482174,141.0436758402586,86.38016516081912,1.0
239.675496243695,139.3279233305954,82.36645479899367,1.0
239.1000312393313,139.08771274938016,70.84795713611479,1.0
